Nombre,Apellidos
 Santiago,
 Valentina,
 Mateo,
 Camila,
 Sebastián,
 Sofía,
 Alejandro,
 Isabella,
 Nicolás,
 Emma,
 Samuel,
 Mariana,
 Juan,
 Valeria,
 Andrés,
 Natalia,
 Daniel,
 Gabriela,
 David,
 Sara,
 Lucas,
 Luciana,
 Felipe,
 Laura,
 Diego,
 Antonella,
 Carlos,
 Daniela,
 José,
 Victoria,
 Gabriel,
 Adriana,
 Matías,
 Elizabeth,
 Miguel,
 Paula,
 Sebastián,
 Ana,
 Andrés,
 Emily,
 Tomás,
 María,
 Martín,
 Daniela,
 Javier,
 Fernanda,
 Christian,
 Catalina,
 Nicolás,
 Juliana,
 Juan Pablo,
 Isabella,
 Simón,
 Antonia,
 Leonardo,
 Alejandra,
 Esteban,
 Sofia,
 Ricardo,
 Isabel,
 Lucas,
 Carolina,
 Pablo,
 Valentina,
 Eduardo,
 Valeria,
 Andrés,
 María José,
 Francisco,
 Clara,
 Cristóbal,
 Elena,
 Manuel,
 Gabriela,
 Juan José,
 Lucía,
 Tomás,
 Jennifer,
 Ángel,
 Samantha,
 Emilio,
 Andrea,
 Alexander,
 Jimena,
 Mauricio,
 Catalina,
 Diego,
 Andrea,
 Juan David,
 Marcela,
 Agustín,
 Natalia,
 Simón,
 Antonia,
 Mateo,
 Mariana,
 Benjamín,
 Valentina,
 Andrés,
 Daniela,
, García
, Martínez
, Rodríguez
, López
, Pérez
, Sánchez
, González
, Gómez
, Díaz
, Fernández
, Moreno
, Álvarez
, Vázquez
, Romero
, Torres
, Ruiz
, Ramos
, Serrano
, Ramírez
, Medina
, Prieto
, Alonso
, Gutiérrez
, Navarro
, Domínguez
, Gil
, Herrero
, Molina
, Ortega
, Delgado
, Rubio
, Suárez
, Ortega
, Morales
, Castro
, Cruz
, Ortiz
, Herrera
, Marín
, Llorente
, Garrido
, Cabrera
, Molina
, Reyes
, Calvo
, Cortés
, Vicente
, Aguilar
, Vidal
, Moya
, Pascual
, Soler
, Gallego
, Iglesias
, Blanco
, Molina
, González
, Ramos
, Guerrero
, Muñoz
, Carmona
, Cordero
, Hidalgo
, Arias
, Esteban
, Ferrer
, Varela
, Pastor
, Rivas
, Peralta
, Ríos
, Carretero
, Linares
, León
, Vargas
, Guerra
, Abad
, Cabello
, Medina
, Correa
, Mesa
, Robles
, Bravo
, Nieto
, Cabrera
, Casado
, Cervantes
, Luque
, Oliva
, Miranda
, Amaya
, Benítez
, Suárez
, Santana
, Medina
, Gil
, Lucas
, Ochoa
, Vega
, Soto
 Santiago,
 Valentina,
 Mateo,
 Camila,
 Sebastián,
 Sofía,
 Alejandro,
 Isabella,
 Nicolás,
 Emma,
 Samuel,
 Mariana,
 Juan,
 Valeria,
 Andrés,
 Natalia,
 Daniel,
 Gabriela,
 David,
 Sara,
 Lucas,
 Luciana,
 Felipe,
 Laura,
 Diego,
 Antonella,
 Carlos,
 Daniela,
 José,
 Victoria,
 Gabriel,
 Adriana,
 Matías,
 Elizabeth,
 Miguel,
 Paula,
 Sebastián,
 Ana,
 Andrés,
 Emily,
 Tomás,
 María,
 Martín,
 Daniela,
 Javier,
 Fernanda,
 Christian,
 Catalina,
 Nicolás,
 Juliana,
 Juan Pablo,
 Isabella,
 Simón,
 Antonia,
 Leonardo,
 Alejandra,
 Esteban,
 Sofia,
 Ricardo,
 Isabel,
 Lucas,
 Carolina,
 Pablo,
 Valentina,
 Eduardo,
 Valeria,
 Andrés,
 María José,
 Francisco,
 Clara,
 Cristóbal,
 Elena,
 Manuel,
 Gabriela,
 Juan José,
 Lucía,
 Tomás,
 Jennifer,
 Ángel,
 Samantha,
 Emilio,
 Andrea,
 Alexander,
 Jimena,
 Mauricio,
 Catalina,
 Diego,
 Andrea,
 Juan David,
 Marcela,
 Agustín,
 Natalia,
 Simón,
 Antonia,
 Mateo,
 Mariana,
 Benjamín,
 Valentina,
 Andrés,
 Daniela,
, García
, Martínez
, Rodríguez
, López
, Pérez
, Sánchez
, González
, Gómez
, Díaz
, Fernández
, Moreno
, Álvarez
, Vázquez
, Romero
, Torres
, Ruiz
, Ramos
, Serrano
, Ramírez
, Medina
, Prieto
, Alonso
, Gutiérrez
, Navarro
, Domínguez
, Gil
, Herrero
, Molina
, Ortega
, Delgado
, Rubio
, Suárez
, Ortega
, Morales
, Castro
, Cruz
, Ortiz
, Herrera
, Marín
, Llorente
, Garrido
, Cabrera
, Molina
, Reyes
, Calvo
, Cortés
, Vicente
, Aguilar
, Vidal
, Moya
, Pascual
, Soler
, Gallego
, Iglesias
, Blanco
, Molina
, González
, Ramos
, Guerrero
, Muñoz
, Carmona
, Cordero
, Hidalgo
, Arias
, Esteban
, Ferrer
, Varela
, Pastor
, Rivas
, Peralta
, Ríos
, Carretero
, Linares
, León
, Vargas
, Guerra
, Abad
, Cabello
, Medina
, Correa
, Mesa
, Robles
, Bravo
, Nieto
, Cabrera
, Casado
, Cervantes
, Luque
, Oliva
, Miranda
, Amaya
, Benítez
, Suárez
, Santana
, Medina
, Gil
, Lucas
, Ochoa
, Vega
, Soto
 Santiago,
 Valentina,
 Mateo,
 Camila,
 Sebastián,
 Sofía,
 Alejandro,
 Isabella,
 Nicolás,
 Emma,
 Samuel,
 Mariana,
 Juan,
 Valeria,
 Andrés,
 Natalia,
 Daniel,
 Gabriela,
 David,
 Sara,
 Lucas,
 Luciana,
 Felipe,
 Laura,
 Diego,
 Antonella,
 Carlos,
 Daniela,
 José,
 Victoria,
 Gabriel,
 Adriana,
 Matías,
 Elizabeth,
 Miguel,
 Paula,
 Sebastián,
 Ana,
 Andrés,
 Emily,
 Tomás,
 María,
 Martín,
 Daniela,
 Javier,
 Fernanda,
 Christian,
 Catalina,
 Nicolás,
 Juliana,
 Juan Pablo,
 Isabella,
 Simón,
 Antonia,
 Leonardo,
 Alejandra,
 Esteban,
 Sofia,
 Ricardo,
 Isabel,
 Lucas,
 Carolina,
 Pablo,
 Valentina,
 Eduardo,
 Valeria,
 Andrés,
 María José,
 Francisco,
 Clara,
 Cristóbal,
 Elena,
 Manuel,
 Gabriela,
 Juan José,
 Lucía,
 Tomás,
 Jennifer,
 Ángel,
 Samantha,
 Emilio,
 Andrea,
 Alexander,
 Jimena,
 Mauricio,
 Catalina,
 Diego,
 Andrea,
 Juan David,
 Marcela,
 Agustín,
 Natalia,
 Simón,
 Antonia,
 Mateo,
 Mariana,
 Benjamín,
 Valentina,
 Andrés,
 Daniela,
, García
, Martínez
, Rodríguez
, López
, Pérez
, Sánchez
, González
, Gómez
, Díaz
, Fernández
, Moreno
, Álvarez
, Vázquez
, Romero
, Torres
, Ruiz
, Ramos
, Serrano
, Ramírez
, Medina
, Prieto
, Alonso
, Gutiérrez
, Navarro
, Domínguez
, Gil
, Herrero
, Molina
, Ortega
, Delgado
, Rubio
, Suárez
, Ortega
, Morales
, Castro
, Cruz
, Ortiz
, Herrera
, Marín
, Llorente
, Garrido
, Cabrera
, Molina
, Reyes
, Calvo
, Cortés
, Vicente
, Aguilar
, Vidal
, Moya
, Pascual
, Soler
, Gallego
, Iglesias
, Blanco
, Molina
, González
, Ramos
, Guerrero
, Muñoz
, Carmona
, Cordero
, Hidalgo
, Arias
, Esteban
, Ferrer
, Varela
, Pastor
, Rivas
, Peralta
, Ríos
, Carretero
, Linares
, León
, Vargas
, Guerra
, Abad
, Cabello
, Medina
, Correa
, Mesa
, Robles
, Bravo
, Nieto
, Cabrera
, Casado
, Cervantes
, Luque
, Oliva
, Miranda
, Amaya
, Benítez
, Suárez
, Santana
, Medina
, Gil
, Lucas
, Ochoa
, Vega
, Soto
 Santiago,
 Valentina,
 Mateo,
 Camila,
 Sebastián,
 Sofía,
 Alejandro,
 Isabella,
 Nicolás,
 Emma,
 Samuel,
 Mariana,
 Juan,
 Valeria,
 Andrés,
 Natalia,
 Daniel,
 Gabriela,
 David,
 Sara,
 Lucas,
 Luciana,
 Felipe,
 Laura,
 Diego,
 Antonella,
 Carlos,
 Daniela,
 José,
 Victoria,
 Gabriel,
 Adriana,
 Matías,
 Elizabeth,
 Miguel,
 Paula,
 Sebastián,
 Ana,
 Andrés,
 Emily,
 Tomás,
 María,
 Martín,
 Daniela,
 Javier,
 Fernanda,
 Christian,
 Catalina,
 Nicolás,
 Juliana,
 Juan Pablo,
 Isabella,
 Simón,
 Antonia,
 Leonardo,
 Alejandra,
 Esteban,
 Sofia,
 Ricardo,
 Isabel,
 Lucas,
 Carolina,
 Pablo,
 Valentina,
 Eduardo,
 Valeria,
 Andrés,
 María José,
 Francisco,
 Clara,
 Cristóbal,
 Elena,
 Manuel,
 Gabriela,
 Juan José,
 Lucía,
 Tomás,
 Jennifer,
 Ángel,
 Samantha,
 Emilio,
 Andrea,
 Alexander,
 Jimena,
 Mauricio,
 Catalina,
 Diego,
 Andrea,
 Juan David,
 Marcela,
 Agustín,
 Natalia,
 Simón,
 Antonia,
 Mateo,
 Mariana,
 Benjamín,
 Valentina,
 Andrés,
 Daniela,
, García
, Martínez
, Rodríguez
, López
, Pérez
, Sánchez
, González
, Gómez
, Díaz
, Fernández
, Moreno
, Álvarez
, Vázquez
, Romero
, Torres
, Ruiz
, Ramos
, Serrano
, Ramírez
, Medina
, Prieto
, Alonso
, Gutiérrez
, Navarro
, Domínguez
, Gil
, Herrero
, Molina
, Ortega
, Delgado
, Rubio
, Suárez
, Ortega
, Morales
, Castro
, Cruz
, Ortiz
, Herrera
, Marín
, Llorente
, Garrido
, Cabrera
, Molina
, Reyes
, Calvo
, Cortés
, Vicente
, Aguilar
, Vidal
, Moya
, Pascual
, Soler
, Gallego
, Iglesias
, Blanco
, Molina
, González
, Ramos
, Guerrero
, Muñoz
, Carmona
, Cordero
, Hidalgo
, Arias
, Esteban
, Ferrer
, Varela
, Pastor
, Rivas
, Peralta
, Ríos
, Carretero
, Linares
, León
, Vargas
, Guerra
, Abad
, Cabello
, Medina
, Correa
, Mesa
, Robles
, Bravo
, Nieto
, Cabrera
, Casado
, Cervantes
, Luque
, Oliva
, Miranda
, Amaya
, Benítez
, Suárez
, Santana
, Medina
, Gil
, Lucas
, Ochoa
, Vega
, Soto
 Santiago,
 Valentina,
 Mateo,
 Camila,
 Sebastián,
 Sofía,
 Alejandro,
 Isabella,
 Nicolás,
 Emma,
 Samuel,
 Mariana,
 Juan,
 Valeria,
 Andrés,
 Natalia,
 Daniel,
 Gabriela,
 David,
 Sara,
 Lucas,
 Luciana,
 Felipe,
 Laura,
 Diego,
 Antonella,
 Carlos,
 Daniela,
 José,
 Victoria,
 Gabriel,
 Adriana,
 Matías,
 Elizabeth,
 Miguel,
 Paula,
 Sebastián,
 Ana,
 Andrés,
 Emily,
 Tomás,
 María,
 Martín,
 Daniela,
 Javier,
 Fernanda,
 Christian,
 Catalina,
 Nicolás,
 Juliana,
 Juan Pablo,
 Isabella,
 Simón,
 Antonia,
 Leonardo,
 Alejandra,
 Esteban,
 Sofia,
 Ricardo,
 Isabel,
 Lucas,
 Carolina,
 Pablo,
 Valentina,
 Eduardo,
 Valeria,
 Andrés,
 María José,
 Francisco,
 Clara,
 Cristóbal,
 Elena,
 Manuel,
 Gabriela,
 Juan José,
 Lucía,
 Tomás,
 Jennifer,
 Ángel,
 Samantha,
 Emilio,
 Andrea,
 Alexander,
 Jimena,
 Mauricio,
 Catalina,
 Diego,
 Andrea,
 Juan David,
 Marcela,
 Agustín,
 Natalia,
 Simón,
 Antonia,
 Mateo,
 Mariana,
 Benjamín,
 Valentina,
 Andrés,
 Daniela,
, García
, Martínez
, Rodríguez
, López
, Pérez
, Sánchez
, González
, Gómez
, Díaz
, Fernández
, Moreno
, Álvarez
, Vázquez
, Romero
, Torres
, Ruiz
, Ramos
, Serrano
, Ramírez
, Medina
, Prieto
, Alonso
, Gutiérrez
, Navarro
, Domínguez
, Gil
, Herrero
, Molina
, Ortega
, Delgado
, Rubio
, Suárez
, Ortega
, Morales
, Castro
, Cruz
, Ortiz
, Herrera
, Marín
, Llorente
, Garrido
, Cabrera
, Molina
, Reyes
, Calvo
, Cortés
, Vicente
, Aguilar
, Vidal
, Moya
, Pascual
, Soler
, Gallego
, Iglesias
, Blanco
, Molina
, González
, Ramos
, Guerrero
, Muñoz
, Carmona
, Cordero
, Hidalgo
, Arias
, Esteban
, Ferrer
, Varela
, Pastor
, Rivas
, Peralta
, Ríos
, Carretero
, Linares
, León
, Vargas
, Guerra
, Abad
, Cabello
, Medina
, Correa
, Mesa
, Robles
, Bravo
, Nieto
, Cabrera
, Casado
, Cervantes
, Luque
, Oliva
, Miranda
, Amaya
, Benítez
, Suárez
, Santana
, Medina
, Gil
, Lucas
, Ochoa
, Vega
, Soto
