 Daniela, Daniela, Vega, Moya
 Camila, Daniela, Vargas, Pérez
 Natalia, Lucía, Ramírez, Cervantes
 Emily, Simón, Cabrera, León
 Ricardo, Ángel, Vargas, Fernández
 Adriana, David, Medina, Serrano
 Agustín, Mateo, Vicente, Rivas
 Valentina, Felipe, Molina, Álvarez
 Alexander, Mariana, Álvarez, Amaya
 Juan David, José, Gil, Herrero
 Valentina, Mateo, Benítez, Luque
 Isabel, Santiago, Serrano, Guerra
 Emilio, María, Arias, González
 Valentina, Leonardo, Miranda, Soto
 Isabella, Ana, Ferrer, Ramírez
 Lucía, Christian, Vázquez, Ferrer
 Diego, Eduardo, Nieto, Medina
 Diego, Martín, Sánchez, Nieto
 Cristóbal, Valentina, Carmona, González
 Jimena, Sebastián, Díaz, Carretero
 Mariana, Adriana, Calvo, López
 Jennifer, Andrea, Guerrero, Abad
 Juan José, Elizabeth, Suárez, Moya
 Martín, Alexander, Molina, González
 Mateo, Mariana, Ortega, Hidalgo
 Laura, Nicolás, Pérez, Alonso
 Andrés, Mauricio, Ramos, Pérez
 Alejandra, Emilio, Nieto, Ramos
 Martín, Juan, Díaz, Cordero
 Sebastián, María, Hidalgo, Moya
 Lucas, Mateo, Carretero, Vargas
 Juan David, Gabriela, Delgado, López
 Simón, Catalina, Ramírez, Ortega
 Diego, Alejandra, Díaz, Gutiérrez
 Mariana, Alejandro, Blanco, Nieto
 Adriana, Elena, Cortés, Suárez
 Ricardo, Mauricio, Molina, Morales
 Samuel, Leonardo, Prieto, Rivas
 Juan David, Juan José, Ortega, Carmona
 Juliana, Martín, López, Pastor
 Emilio, Valentina, Blanco, Ortiz
 Isabella, Martín, Domínguez, Ortiz
 Mateo, Pablo, Carretero, Vega
 Emily,﻿Nombre, Gutiérrez, Martínez
 Elizabeth, María, Cruz, Pastor
 Miguel, Cristóbal, Ramírez, Suárez
 Tomás, Manuel, Martínez, Ferrer
 Luciana, Sara, Morales, Soler
 Gabriela, Daniela, Vicente, Abad
 Lucas, Valentina, Herrero, Aguilar
 Samantha, Tomás, Gutiérrez, Robles
 Emma, Catalina, Ramos, Soler
 Ángel, Juan Pablo, Correa, Prieto
 Antonia, Juan Pablo, Guerrero, Cortés
 Daniela, Victoria, Delgado, Ortega
 Miguel, Laura, Rubio, López
 Simón, Andrés, Rodríguez, Alonso
 Catalina, Valentina, Ortiz, Cervantes
 Gabriel, Lucas, Vicente, Rivas
 Juliana, Valeria, Garrido, Suárez
 Alejandra, Andrés, Pascual, Molina
 Martín, Valentina, Abad, Domínguez
 Sebastián, Laura, Moreno, Llorente
 Francisco, Andrés, Ramos, Alonso
 Lucas, Antonella, Díaz, Molina
 Emilio, Mateo, Fernández, Alonso
 Eduardo, Andrea, López, Castro
 Natalia, Lucas, León, Arias
 Catalina, Valentina, Molina, Varela
 Isabel, Samuel, Rivas, Prieto
 Tomás, Emilio, Rivas, Gil
 Luciana, Gabriela, González, Medina
 Gabriela, Emily, Oliva, Ramos
 Mariana, Jennifer, Sánchez, Ortiz
 Catalina, Emma, Garrido, Carmona
 Tomás, Leonardo, Moya, Varela
 Esteban, Lucas, Pastor, Molina
 María, Laura, Miranda, Molina
 Gabriel, Lucas, Gallego, Guerra
 Andrea, Mateo, Ramos, Cordero
 Emilio, Elena, Rodríguez, Pastor
 Diego, Francisco, Vicente, Carretero
 Tomás, Emma, González, León
 María, Juliana, Cabrera, Esteban
 Santiago, Fernanda, Alonso, Medina
 Marcela, Emilio, Cordero, Linares
 Sofía, Andrea, Peralta, Gil
 Gabriel, Juliana, Abad, Martínez
 Natalia, Isabella, Aguilar, Cordero
 Mariana, Francisco, Aguilar, Ramírez
 Elena, Luciana, Guerra, Soto
 Carolina, Nicolás, Benítez, Vidal
 Sofia, Valeria, Garrido, Ramos
 Fernanda, Valentina, Ortega, Luque
 Gabriela, Mateo, Aguilar, Guerrero
 Alejandro, Lucas, Cordero, Carmona
 Valeria, Antonia, Linares, Santana
 Juan David, Andrés, Marín, Casado
 Nicolás, Juan David, Garrido, Casado
 Ricardo, Natalia, Díaz, González
 Lucas, Mateo, Soto, Medina
 Antonella, Natalia, Cervantes, Castro
 Manuel, Fernanda, Esteban, Gil
 Cristóbal, Mauricio, Arias, Moreno
 Simón, Sebastián, Rodríguez, Cabrera
 Andrea, Gabriela, Cortés, Cabello
 Miguel, Daniela, Mesa, Lucas
 Sara, Agustín, Delgado, Iglesias
 Francisco, Isabella, Cervantes, Díaz
 Felipe, Natalia, Prieto, Castro
 Andrés, Lucía, Bravo, González
 Samantha, Mateo, Cabrera, Pérez
 Andrés, Mariana, Álvarez, Guerrero
 Catalina, Eduardo, Gómez, Navarro
 Javier, Valentina, Ortega, Vázquez
 Juan, Andrés, Casado, López
 Mateo, Lucas, Nieto, Ochoa
 Andrea, Valeria, González, Ramos
 Mariana, Antonella, Herrera, Rivas
 Valentina, Isabel, González, Soler
 Mariana,﻿Nombre, Santana, Ramos
 Nicolás, Gabriela, Navarro, Amaya
 Juan David, Lucas, Molina, Arias
 Diego, Benjamín, Arias, Blanco
 Jennifer, Marcela, Abad, Iglesias
 Andrés, Andrés, Pascual, Rodríguez
 Elizabeth, Sofía, Soler, Iglesias
 Felipe, Carlos, González, Ortega
 Simón, Nicolás, Guerra, Lucas
 Gabriela, Miguel, Rivas, Arias
 Daniela, Diego, Cabrera, Gutiérrez
 Valeria, Pablo, Amaya, Navarro
 Marcela, Benjamín, Molina, Abad
 María José, Lucía, Esteban, Nieto
 Emilio, Emily, Molina, Luque
 Andrés, Santiago, Cordero, Carmona
 Victoria, Emilio, Abad, Blanco
 Tomás, Pablo, Rivas, Pascual
 Benjamín, Marcela, Santana, Rivas
 Valeria, Catalina, Gutiérrez, Robles
 Samantha, Camila, Benítez, Cabrera
 Juan José, Nicolás, Carmona, Gallego
 Daniela, Juan, Gil, Pérez
 Natalia, Catalina, Soler, Romero
 Isabel, Laura, León, Ramos
 Antonia, Pablo, Gallego, Abad
 Antonella, Jennifer, Medina, Gómez
 Valeria, Jennifer, Torres, Castro
 Christian, Natalia, Esteban, Prieto
 Catalina, Javier, Ríos, Guerrero
 Esteban, Santiago, Varela, Herrera
 Isabella, Catalina, Herrera, Romero
 Gabriela, Juan José, Sánchez, Ortiz
 Pablo, Samuel, Esteban, Hidalgo
 Ana, Sofía, Cortés, Rubio
 Tomás, Juan David, Ramos,﻿Apellidos
 Sebastián, María, Gil, Suárez
 Sebastián, Francisco, Carretero, Molina
 Mateo, Christian, Reyes, Pascual
 Andrés, Ana, Hidalgo, Gil
 Tomás, Valentina, Vázquez, Abad
 Sebastián, Isabella, Nieto, Calvo
 Juan Pablo, Andrés, Oliva, Rivas
 Juan, Camila, García, Herrera
 Tomás, Tomás, Linares, González
 Andrés, Paula, Ramírez, Molina
 Pablo, Juan, Castro, Sánchez
 Alejandra, Emma, Oliva, Guerrero
 Catalina, Javier,﻿Apellidos, Vega
 Elizabeth, Sara, Gutiérrez, Carmona
 Lucas, Esteban, Moya, Aguilar
 Pablo, Juan, Rodríguez, Vidal
 Sofía, Miguel, Moreno, Gil
 Ángel, Mariana, Moreno, Fernández
 José, Andrés, Ramos, Ortega
 Juan, Alejandra, Linares, Varela
 Camila, Elizabeth, Abad, Vicente
 Isabel, Sara, Blanco, Gutiérrez
 Sara, Juan David, Fernández, Rubio
 Isabella, Ángel, Molina, Morales
 Lucas, Marcela, Ochoa, Ortega
 Alejandra, Valeria, Ferrer, Calvo
 Andrés, Camila, Oliva, Romero
 Valentina, Daniela, Soto, Suárez
 Emma, Miguel, Bravo, Blanco
 Juliana, Carolina, Álvarez, Cordero
 Emily, Ricardo, Serrano, Domínguez
 Esteban, Sebastián, Martínez, Ríos
 Antonella, María José, Vidal, Fernández
 Natalia, Carlos, Calvo, Rodríguez
 Andrés, Carolina, Aguilar, Soto
 Felipe, Alejandra, Cabello, Cervantes
 Lucas, Juan José, Miranda, Reyes
 Elizabeth, Isabella, Soto, Hidalgo
 Eduardo, Sara, Ortega, Soto
 Juan José, Valentina, Rivas, Cabrera
 Camila, Mariana, Pastor, Gil
 Tomás, Mateo, Alonso, Rubio
 Catalina, Simón, Medina, Ramos
 Santiago, Miguel, Cruz, Cabello
 Elena, Clara, Amaya, Ruiz
 Diego, Simón, Benítez, Ortiz
 David, Nicolás, Ramos, Medina
 Mauricio, Sebastián, Iglesias, Carmona
 Natalia, Valeria, Vargas, Muñoz
 Daniela, Gabriela, Gil, Llorente
 José, Sara, Ríos, Reyes
 Agustín, Isabella, González, Ochoa
 Emma, Camila, Santana, Varela
 Luciana, Cristóbal, Peralta, Hidalgo
 Isabel, José, Ferrer, Molina
 Jimena, Elizabeth, Moya, Marín
 Sebastián, Mariana, García, Cervantes
 Valeria, Mateo, Pascual, Cabello
 Laura, Carlos, Castro, Cortés
 Javier, Mariana, Lucas, Garrido
 Alexander, Victoria, Suárez, Suárez
 Samuel, Sara, Marín, Santana
 Isabella, Andrés, Torres, Gil
 Sofía, Daniel, Cabello, Gil
 Eduardo, Alexander, Vicente, Pérez
 Tomás, Juan José, Cortés, Torres
 Jennifer, Francisco, Soler, Casado
 Catalina, Tomás, Herrera, Cordero
 Elena, Juan Pablo, Molina, Blanco
 Nicolás, Emilio, Rivas, Marín
 Daniela, Victoria, Herrera, Blanco
 Fernanda, Tomás, Ochoa, Romero
 Camila, María, Suárez, Reyes
 Ángel, Miguel, Gil, Medina
﻿Nombre, Ángel, Medina, Suárez
 Mariana, Luciana, Díaz, Ochoa
 Catalina, Jimena, Guerrero, Nieto
 Ana, Ricardo, Lucas, Soto
 Christian, Cristóbal, Moya, Peralta
 Jimena, Miguel, Santana, Gutiérrez
 Samuel, Natalia, Correa, Martínez
 Carolina, Leonardo, Hidalgo, León
 Daniela, Sebastián, Nieto, Oliva
 Ricardo, Ángel, Gómez, Suárez
 Ángel, Carlos, Moreno, Torres
 Isabella,﻿Nombre, Pérez, Navarro
 Andrea, Andrés, López, Ruiz
 Alejandra, Carolina, Rivas, Garrido
 Mauricio, Tomás, Pérez, Benítez
 Natalia, Eduardo, Delgado, Cruz
 Simón, Marcela, Luque, Moya
 Simón, Alejandro, Romero, Casado
 Cristóbal, Agustín, Gómez, Esteban
 Daniela, Christian, Soto, García
 Juan, Ana, Miranda, Mesa
 Jimena, Clara, Muñoz, Serrano
 Lucas, Isabella, Rivas, Correa
 Juan, Samuel, Gutiérrez, Gil
 Nicolás, Christian, Iglesias, Vicente
 Natalia, Jimena, Alonso, Luque
﻿Nombre, Antonia, Medina, Cruz
 Alexander, Antonella, Aguilar, Ortega
 Antonella, Samantha, Iglesias, Herrera
 Emma, Clara, Pastor, Torres
 Cristóbal, Tomás, Muñoz, Medina
 Carolina, Juliana, Varela, Luque
 Catalina, Sara, Suárez, Cabello
 María José, Marcela, Ortega, Miranda
 Natalia, María José, Moya, González
 Pablo, María, Ramírez, Gil
 Juliana, Diego, Garrido, Alonso
 Alexander, Daniel, Ferrer, Benítez
 Andrés, Valeria, Cabello, Cabrera
 Diego, Laura, Ruiz, López
 Nicolás, Mateo, Iglesias, Correa
 Elena, Diego, Rubio, Amaya
 Juan David, Isabella, Castro, Linares
 Valentina, Clara, Castro, Prieto
 Mauricio, Felipe, Domínguez, Miranda
 Adriana, Christian, Moreno, Vega
 Sofia, Isabella, Serrano, Sánchez
 Daniela, Fernanda, Soto, Gutiérrez
 Mateo, Carolina, Rubio, Suárez
 Mateo, José, Guerrero, Muñoz
 Paula, Martín, Cabrera, Garrido
 Martín, Lucas, Vidal, Ortega
 Francisco, Antonia, Carmona, Herrero
 Valentina, Matías, Pascual, Gómez
 Nicolás, Samantha, León, Amaya
 Ricardo, Valeria, Ortega, Iglesias
 Laura, Emilio, Torres, Cervantes
 Daniela, Gabriela, Molina, Gil
 Tomás, Ángel, Herrero, Esteban
 David, Antonia, García, Martínez
 Andrés, Gabriela, Prieto, Cervantes
 Valeria, Cristóbal, Nieto, Vega
 Mariana, Valentina, Suárez, Cervantes
 Isabella, Eduardo, González, Soler
 Leonardo, Carolina, Calvo, Ríos
 Diego, Matías, Ruiz, Ramos
 Eduardo, Ana, Oliva, Llorente
 Matías, Natalia, Guerra, Abad
 Mariana, Felipe, Romero, Pascual
 Matías, Tomás, Ríos, Muñoz
 Miguel, Ricardo, Calvo, Navarro
 Martín, Catalina, Ortega, Ortiz
 Diego, Mateo, Bravo, Gómez
 Juan, David, Cabrera, Ferrer
 Alejandra, Diego, Correa, Ramírez
 David, Andrés, Martínez, Álvarez
 Christian, Mateo, Gil, Marín
 Daniela, Andrea, Ochoa, Molina
 Mateo, Mariana, Guerra, López
 Daniela, Andrés, Martínez, Lucas
 Valeria, Elena, Muñoz, Guerrero
 José, Mariana, Marín, Cabrera
 Jimena, Mateo, García, Serrano
 Ricardo, Victoria, Ramírez, García
 Carlos, Daniela, Molina, Álvarez
 Juan David, Jimena, Sánchez, González
 Victoria, Andrea, Vidal,﻿Apellidos
 Christian, Miguel, León, Varela
 Emily, Tomás, Peralta, Cabrera
 Andrés, Ángel, Cervantes, Herrera
 Juan, Pablo, Iglesias, Casado
 Mateo, Andrés, Ríos, Ochoa
 Valentina, Juan David, Díaz, Hidalgo
 Fernanda, Emily, Calvo, Ortega
 Samantha, Felipe, González, Medina
 Andrea, Samantha, Vidal, Pastor
 David, Juan José, Muñoz, Nieto
 Ángel, Benjamín, Gallego, Hidalgo
 Cristóbal, Daniela, Molina, Moreno
 Sofia, Jennifer, Ferrer, Llorente
 Lucas, Valentina, Delgado, Cabello
 Emma, Luciana, Rubio, Suárez
 Christian, Diego, Mesa, Ochoa
 Daniela, Antonia, Díaz, Herrera
 Catalina, Valeria, Herrero, Carretero
 Nicolás, Diego, Marín, Soler
 Diego, Miguel, Molina, Martínez
 Felipe, Fernanda, Peralta, Medina
 Andrés, Adriana, Varela, Sánchez
 Camila, Francisco, Martínez, Miranda
 Valeria, Agustín, Marín, Ramos
 Andrés, Isabel, Suárez, Miranda
 Sara, Nicolás, Ferrer, Robles
 Martín, Catalina, Romero, Casado
 Emilio, Camila, Lucas, Herrera
 Mariana, Samuel, Amaya, Esteban
 Laura, Gabriel, Pérez, Molina
 Alexander, Benjamín, Vega, Gil
 Valentina, Fernanda, Amaya, Medina
 Elena, Sebastián, Navarro, Ríos
 Jennifer, Diego, Ramos, Sánchez
 Lucas, Mariana, Arias, Ferrer
 Mateo, Juliana, Rubio, Cortés
 Camila, Alejandro, Alonso, Morales
 José, Victoria, Mesa, Guerra
 Miguel, Mariana, Medina, Guerra
 Emilio, Daniela, Arias, Mesa
 Mateo, Juliana, Medina, Cordero
 Paula, Felipe, Ortega, Calvo
 Emma, Gabriel, Varela, Vidal
﻿Nombre, Nicolás, González, Herrero
 Juan Pablo, Valentina, Pastor, Moya
 Christian, Antonia, Esteban, Casado
 Eduardo, Andrea, Suárez, Abad
 Lucía, Adriana, Ferrer, Medina
 Andrea, Valeria, Esteban, Medina
 Luciana, María, Abad, Cabrera
 Francisco, Pablo, Suárez, Suárez
 Clara, Fernanda, Medina, González
 Mateo, Luciana, Fernández, Vidal
 Paula, Adriana, Serrano, Álvarez
 Alejandro, Antonella, Sánchez, Morales
 Christian, Valentina, González, Carretero
 Tomás, Laura, Molina, Cabrera
 Mateo, Paula, Vidal, López
 Christian, Mauricio, Ramos, González
 Nicolás, Simón, Medina, Soto
 Paula, Andrés, Gil, Rodríguez
 Fernanda, Juan Pablo, Ferrer, Calvo
 Diego, Juan José, Moreno, Delgado
 Tomás, Jimena, Romero, Gil
 Valentina, Juliana, Gutiérrez, Ortega
 Andrés, Antonia, Cabrera,﻿Apellidos
 Nicolás, Eduardo, Álvarez, Nieto
 Natalia, Eduardo, Gutiérrez, Gil
 Alejandra, Andrés, González, Garrido
 Esteban, Martín, Gómez, Martínez
 Manuel, Eduardo, Vega, Cabrera
 Daniela, Javier, Pérez, Cabello
 Daniela, Mariana, Rubio, Vicente
 Juan Pablo, Mauricio, Lucas, Linares
 Mateo, Juan José, López, Álvarez
 Antonia, Ana, Vidal, León
 Antonella, Elizabeth, Vicente, Peralta
 Valentina, Carlos, Delgado, Varela
 Clara, Emily, Aguilar, Martínez
 Jennifer, Valeria, Cortés, Aguilar
 Simón, Carlos, Medina, Cervantes
 Pablo, Lucía, Gil, Miranda
 Juan José, Luciana, Gallego, Vicente
 Matías, Andrés, Vidal, González
 Valeria, Carlos, Medina, Carretero
 Mateo, Catalina, Suárez, Prieto
 Daniela, Sebastián, García, Alonso
 Laura, Catalina, Soler, Ferrer
 Laura, Simón, Llorente, Abad
 Felipe, Victoria, Ortega, Cervantes
 Juan, Daniela, Guerrero, Pérez
 Mariana, Natalia, García, Ríos
 Camila, Elena, Luque, Guerrero
 Mauricio, Valentina, Cruz, Moya
 Natalia, David, Ochoa, Varela
 Juliana, Ángel, Pascual, Alonso
 Elena, Mariana, Garrido, León
 Nicolás, Isabella, Molina, Reyes
 Natalia, Benjamín, Linares, Muñoz
 Tomás, Mariana, Marín, Luque
 Lucas, Camila, Ramos, Arias
 Tomás, Antonia, Correa, Muñoz
 Andrés, Valentina, Sánchez, Morales
 Sebastián, Natalia, Abad, Calvo
 Marcela, María, González, Rivas
 Carolina, Adriana, Ramírez, Ortega
 Juan Pablo, Diego, Sánchez, Cabrera
 Juan José, Nicolás, Torres, Guerrero
 Juan Pablo, Felipe, García,﻿Apellidos
 Catalina, Samantha, Rodríguez, Fernández
 Gabriela, Andrés, Iglesias, Gallego
 Alejandra, Andrea, Medina, Guerrero
 Pablo, José, Martínez, Casado
 Isabella, Juan Pablo, Álvarez,﻿Apellidos
 Mateo, Ángel, Peralta, Cortés
 María José, Sofía, Medina, Guerrero
 Cristóbal, Sebastián, Gutiérrez, Esteban
 Elena, Andrea, Reyes, Pérez
 Lucas, Valentina, Garrido, Carretero
 Alejandra, Juan Pablo, Luque, Soto
 Manuel, Laura, Varela, Reyes
 Daniela, Valeria, Navarro, González
 Nicolás, Andrés, Navarro, Lucas
 Natalia, Samuel, Vargas, Soler
 Agustín, María, Vicente, Soler
 José, Carlos, Marín, León
 Manuel, Nicolás,﻿Apellidos, Soto
 Daniel, Benjamín, Fernández, Rubio
 Sofia, Ricardo, Ortiz, Medina
 Cristóbal, Benjamín, Miranda, Peralta
 Daniela, Sara, González, Carmona
 Esteban, Emma, Ramos, Garrido
 Diego, Juan, Rubio, Ortega
 Nicolás, Emily, Moya, Marín
 Isabella, Ana, Cabrera, Luque
 Mateo,﻿Nombre, Nieto, Ramírez
 Emma, Tomás, Esteban, Gil
 Camila, Jennifer, Fernández, Nieto
 Elena, Lucas, Herrero, Ruiz
 Leonardo, Sara, Herrero, Guerrero
 Miguel, Juan David, Ortega, Ortega
 Matías, Mariana, Pascual, García
 Andrea, Matías, Ortega, Vicente
 Mariana, Sebastián, Oliva, Robles
 Leonardo, Andrea, Linares, Álvarez
 Elizabeth, Antonella, Pascual, Molina
 Carolina, David, Molina, Serrano
 Sofia, Fernanda, Cervantes, Medina
 Natalia, Gabriela, Herrero, Gil
 Gabriela, María, Carretero, Robles
 Andrea, Felipe, Díaz, Calvo
 Natalia, José, Correa, Santana
 Eduardo, Santiago, Muñoz, Robles
 Mateo, Isabel, Fernández, Ramos
 Alejandro, Santiago, Ortiz, Ríos
 Felipe, Simón, Suárez, Delgado
 Francisco, Valentina, Moreno, Cervantes
 Elizabeth, Mariana, Bravo, Mesa
 Natalia, Adriana, Vidal, Moreno
 Cristóbal, Benjamín, Cervantes, Ríos
 Alejandra, Daniel, Benítez, Garrido
 Nicolás, Francisco, Molina, Delgado
 Sofía, Francisco, Cordero, Guerrero
 Marcela, Mariana, Castro, Álvarez
 Elizabeth, Clara, Ortiz, López
 Catalina, Miguel, Ortega, Cortés
 Eduardo, Juliana, Soto, Amaya
 María José, Sebastián, Cervantes, Guerra
 Andrés, Andrés, Benítez, Blanco
 Francisco, Manuel, Medina, Gil
 Elizabeth, Felipe, Herrero, Peralta
 Isabella, Martín, Ferrer, Ramírez
 Andrea, Andrés, Domínguez, Blanco
 José, Gabriela, Vargas, Guerrero
 Isabella, Daniel, González, Gallego
 Andrés, Pablo, Amaya, Cruz
 Daniela, Alexander, Cabrera, Peralta
 Isabel, Christian, Cordero, Luque
 Matías, Simón, Fernández, Ferrer
 Francisco, Nicolás, Amaya, Álvarez
 Andrés, Isabella, Moreno, Ortiz
 Pablo, Isabella, Moya, Abad
 Tomás, David, Carmona, Llorente
 Valentina, Natalia, Cordero, Ruiz
 Natalia, Esteban, Medina, Iglesias
 Lucas, Valentina, Santana, Ortega
 Samuel, Esteban, Cervantes, López
 Carolina, Valentina, Gutiérrez, Robles
 Tomás, Andrea, Arias, Linares
 Pablo, Isabella, Blanco, Ferrer
 Alejandra, Paula, Ortiz, Correa
 Victoria, Carolina, Ramos, Herrera
 Juan Pablo, Ana, Marín, Linares
 Esteban, Juliana, Soler, Molina
 Natalia, Miguel, Ortega, Ramírez
 Samantha, Miguel, Carmona, Rubio
 Gabriela, Francisco, García, Suárez
 Diego, Emilio, Díaz, Abad
 Lucas, Fernanda, Blanco, Herrera
 Diego, Sebastián, Rodríguez, Nieto
 Ana, Valentina, González, Lucas
 Daniela, Andrea, Serrano, Molina
 Daniel, Clara, Luque, Soto
 Antonia, Daniela, Pascual, Suárez
 Sofia, Andrés, Medina, Iglesias
 Gabriela, Miguel, Pérez, Cortés
 Andrés, Valeria, Medina, Cabrera
 Sara, Laura, Bravo, Oliva
 Elizabeth, Juan David, Domínguez, Muñoz
 Elizabeth, Valentina, Herrera, Gutiérrez
 Esteban, Gabriel, Cabrera, Ruiz
 Gabriel, José, Ríos, Medina
 Benjamín, Sebastián, Llorente, Serrano
 Ángel, Valentina, Suárez, Ríos
 Sofía, Juliana, Vidal, Álvarez
 Antonia, Paula, Cruz, González
 Jennifer, Matías, Ramírez, Abad
 Christian, Juan, Cervantes, Delgado
 Carolina, Alejandro, Morales, Romero
 Martín, Juan Pablo, Cruz, Bravo
 Martín, Mariana, Mesa, Vargas
 Alexander,﻿Nombre, Gómez, Rodríguez
 Daniela, Eduardo, Hidalgo,﻿Apellidos
 Alexander, Andrea, Alonso, Muñoz
 Alejandro, Javier, Arias, Sánchez
 Alejandra, Luciana, Delgado, Moya
 Antonella, Nicolás, Vidal, García
 Valeria, Natalia, Cruz, García
 Sebastián, Antonia, Abad, Garrido
 Alejandra, Valentina, Sánchez, Martínez
 Sofia, Lucas, Cordero, Ortega
 Cristóbal, Valentina, Benítez, Molina
 Ana, Samuel, Ríos, Guerrero
 Simón, Leonardo, Abad, Vázquez
 Javier, Isabella, Molina, Castro
 Matías, Leonardo, Muñoz, Fernández
 Gabriela, Juan José,﻿Apellidos, Lucas
 Juan, Christian, Soto, Amaya
 María, Lucía, Lucas, Guerrero
 Andrés, Antonella, Molina, Castro
 Alejandro, Simón, Medina, Muñoz
 Sebastián, Ricardo, García, Cabrera
 Carolina, Sebastián, Abad, Navarro
 Mariana, Lucía, Soler, Cabrera
 Benjamín, Samantha, Cordero, Vidal
 Mateo, Esteban, Lucas, Linares
 Matías, Mauricio, Cortés, Vega
 Natalia, Elizabeth, Romero, Llorente
 Juan David, Lucas, Herrero, Moya
 Simón, Juan David, Suárez,﻿Apellidos
 Carlos, Diego, Cordero, Ferrer
 Diego, Emily, Vargas, Ortiz
 Andrés, Pablo, Moya, Soto
 Juan, Mariana, Cabrera, Molina
 Valeria, Valentina, Guerrero, Cabello
 Juan, Laura, Ríos, Díaz
 Daniel, Matías, Ochoa, Vicente
 Andrés, Lucas, Ferrer, López
 Jennifer, Paula, López, Ferrer
 Sofia, Gabriela, Martínez, Bravo
 Alexander, Sofía, Molina, Linares
 Victoria, Pablo, López, Pérez
 Victoria, Laura, Gil, González
 Javier, Paula, Vega, Herrero
 Mauricio, Pablo, Ramírez, Linares
 Valeria, Juliana, Ríos, Díaz
 Manuel, Samuel, Bravo, Pastor
 Sara, Benjamín, Ortiz, León
 Sofia, Elena, Ríos, Medina
 Emilio, Daniela, González, Molina
 Esteban, Lucas, Cabello, Correa
 Nicolás, Manuel, Moya, Gutiérrez
 Isabella, Samantha, Linares, Romero
 Sofia, Sebastián, Prieto, Bravo
 Felipe, Valentina, Reyes, Sánchez
 Marcela, Adriana, Torres, Navarro
 Matías, Daniel, Navarro, Correa
 Camila, Simón, Carmona, Ríos
 Francisco, Marcela, Ortega, Garrido
 Ángel, Isabella, Cabrera, Romero
 Juliana, Elena, Delgado, Cortés
 Emma, Antonella, Luque, Medina
 Francisco, Daniela, Vázquez, Aguilar
 Eduardo, Christian, Sánchez, Pérez
 Cristóbal, Sebastián, Gallego, Soler
 Agustín, Manuel, Carmona, Ramos
 Gabriela, Victoria, Díaz, Ruiz
 Felipe, Mariana, Cabello, Gutiérrez
 Daniela, Isabella, Díaz, Marín
 Antonia, Juan, León, Moreno
 Francisco, Lucas, Romero, Santana
 Juan José, Alejandra, Álvarez, Cruz
 Daniela, Natalia, García, Suárez
 Lucas, Adriana, Herrero, Medina
 Gabriela, Daniela, Delgado, Iglesias
 Valentina, Laura, Blanco, Suárez
 Daniela, Isabella, Cortés, Peralta
 Elena, Camila, Vázquez, Pastor
 Carlos, Nicolás, Cervantes, Torres
 Sofia, Juan, Luque, Torres
 Andrés, Daniela, Ríos, Ferrer
 Nicolás, Lucas, Prieto, Medina
 Gabriela, Mariana, Herrero, Varela
 Miguel, Sara, Cortés, Torres
 Alejandro, Valeria, Robles, Amaya
 Marcela, Jimena, Luque, Molina
 Natalia, Samantha, Ríos, Mesa
 Tomás, Fernanda, Morales, Guerrero
 Juan, Luciana, Rubio, Herrero
 Cristóbal, Felipe, Garrido, Esteban
 Mateo, Leonardo, Vicente, Casado
 Tomás, Adriana, Gutiérrez, Bravo
 Sofia, Antonia, Molina, Romero
 Agustín, David, Cabrera, Iglesias
 Daniela, Valentina, Cabrera, Molina
 Jimena, Ángel, Benítez, Marín
 Martín, Lucas, Luque, Guerrero
 Valentina, Juan José, Gutiérrez, Casado
 Gabriela, Santiago, Herrero, Peralta
 Gabriela, Victoria, Suárez, Luque
 Gabriel, Isabella, Vicente, Ríos
 Elizabeth, Simón, Díaz, Garrido
 Benjamín, Christian, Arias, Cruz
 Isabel, Ángel, Herrero, Nieto
 Gabriela, Gabriela, González, Fernández
 Juliana, Tomás, Díaz, Gil
 Emilio, Juan José, Benítez, Luque
 Samuel, Agustín, Guerra, Serrano
 Cristóbal, Emilio, Vicente, Iglesias
 Nicolás, Cristóbal, Nieto, Serrano
 Ana, Jennifer, Vicente, Esteban
 Andrés, Jennifer, Carretero, Serrano
 Samantha, Tomás, Cruz, Blanco
 Ana, Emily, Luque, Muñoz
﻿Nombre, Samantha, Sánchez, Soler
 Isabella, Juan, Bravo, Amaya
 Lucas, Nicolás, Pastor,﻿Apellidos
 Leonardo, Valeria, Ruiz, Blanco
 Paula, Tomás, Medina, Correa
 Cristóbal, Elena, Gil, Serrano
 Carolina, Gabriela, Gil, León
 Valentina, Antonia, Medina, Romero
 Ángel, Antonia, Martínez, Esteban
 Elena, Elizabeth, Morales, García
 Agustín, Jimena, Medina, Ochoa
 Diego, Nicolás, Ortega, Martínez
 Luciana, Lucas, Morales, Cabrera
 Alejandro, Camila, Ortega, Moreno
 Marcela, Sofía, Díaz, Linares
 Paula, Isabella, Luque, Garrido
 Tomás, Catalina, Molina, Ferrer
 Valentina, Carlos, Prieto, Reyes
 Alexander, Manuel, Aguilar, Amaya
 Sara, Isabella, Rodríguez, Ramos
 Nicolás, Miguel, Molina, Llorente
 Isabel, Martín, Alonso, Vidal
 Gabriela, Esteban, Castro, Vázquez
 Valeria, Martín, Correa, Sánchez
 Andrés, Valentina, Amaya, Vicente
 Eduardo,﻿Nombre, García, Benítez
 Andrea, Simón, Miranda, Medina
 Sofía, Emily, Domínguez, Rodríguez
 Andrés, Fernanda, Correa,﻿Apellidos
 Benjamín, Mateo, Molina, Cordero
 Andrés, Catalina, Soler, Ortega
 Martín, Daniel, Ortega, Reyes
 Lucía, Isabel, Mesa, Castro
 Valentina, Elizabeth, Peralta, Molina
 Alejandra, Juan José, López, Blanco
 Daniela, Valeria, Gallego, Ruiz
 Felipe, Alejandro, Romero, Linares
 Cristóbal, Sara, Vidal, Morales
 Antonia, Gabriel, Medina, Herrero
 Nicolás, Mateo, Ramos, Molina
 Eduardo, Laura, Carretero, Cruz
 Lucía, Emily, Vicente, Ferrer
 Elizabeth, Gabriela, Serrano, Correa
 David, Mauricio, Suárez, Alonso
 Emilio, Nicolás, Navarro, Gómez
 Valeria, Jennifer, Sánchez, Pastor
 María, Valeria, Ferrer, García
 Andrés, Alejandro, Medina, Mesa
 Alejandro, Christian, Gil, Ortega
 Antonella, Nicolás, Guerrero, Navarro
 José, Emilio, Moreno, Guerra
 Lucas, Samuel, Abad, Cervantes
 Andrés, Catalina, Medina, Moya
 Manuel, Isabella, Garrido, Iglesias
 Valeria, Juan David, Ortega, Oliva
 Andrés, Mariana, Robles, Suárez
 Tomás, Alexander, Reyes, Soler
 Valentina, Mateo, Soto, Serrano
 Juliana, Diego, Serrano, Hidalgo
 Juan Pablo, Adriana, Garrido, Ortega
 Ana, Valentina, Lucas, Ochoa
 Catalina, Isabella, Muñoz, Castro
 Sebastián, Diego, Ortiz, Delgado
 Andrea, Luciana, Ramírez, Marín
 Andrés, Fernanda, Gil, Domínguez
﻿Nombre, Luciana, Vázquez, Fernández
 Alexander, Leonardo, Hidalgo, Sánchez
 Felipe, Laura, Suárez, Pascual
 Diego, Antonia, Oliva, Vázquez
 Mateo, Elena, Guerra, Cervantes
 Isabel, Natalia, Castro, Moreno
 Elena,﻿Nombre, Varela, Alonso
 Juan David, Jennifer, Hidalgo, Molina
 Isabella, Eduardo, Domínguez, Benítez
 Javier, Gabriela, Díaz, Ortiz
 Miguel, Camila, Herrero, Navarro
 Valeria, Juan José, Vega, Torres
 Felipe, Samantha, Pérez, Cordero
 Simón, Valeria, Carmona, Ortiz
 Juliana, María José, Soto, Castro
 Mateo, Jimena, Cortés, Alonso
 Carlos, Adriana, Cordero, Correa
 Alejandro, Antonia, Reyes, Soto
 Valeria, Antonella, Sánchez, Ramírez
 Mauricio, Antonella, Rodríguez, Carmona
 Emily, Tomás, Reyes, Rodríguez
 Tomás, Andrés, Cervantes, Ortiz
 José, Felipe, Aguilar, Llorente
 Victoria, Javier, Rodríguez, Vargas
 Diego, María José, Guerrero, Correa
 Daniel, Adriana, Domínguez, Herrero
 Mariana, Javier, Ramos, Cruz
 Martín, Elena, Vázquez, Navarro
 Tomás, Diego, Guerra, Lucas
 Valentina, Martín, Robles, Alonso
 Marcela, Nicolás, Castro, Robles
 Catalina, Paula, Herrera, Reyes
 Javier, Andrés, Abad, Iglesias
 Juan Pablo, Leonardo, Cruz, Martínez
 Nicolás, Diego, Navarro, Benítez
 Leonardo, Valentina, Pastor, Gil
 Diego, Santiago, García, Moreno
 Francisco, Antonia, Vega, Arias
 Simón, Ángel, Carretero, Castro
 Manuel, Matías, Suárez, Gil
 Daniel, Samuel, Suárez, Bravo
 Matías, Antonella, Molina, Varela
 Alejandra, Juan José, Ríos, Casado
 Sebastián, Benjamín, Miranda, Rivas
 Gabriela, Gabriela, Gómez, Rubio
 Elizabeth, Paula, González, Cortés
 Matías, Juliana, Iglesias, Romero
 Natalia, Emma, Esteban, Llorente
 Juliana, Isabella, Aguilar, Guerra
 Benjamín, Andrés, Ortiz, Amaya
 Samuel, Gabriela, Oliva, Navarro
 Juan David, Jimena, Miranda, Gil
 Emilio, Fernanda, Torres, Cortés
 Felipe, Ana, Domínguez, Medina
 Fernanda, Santiago, Gil, Varela
 Felipe, Andrés, Romero, Moya
 Gabriela, Natalia, Medina, Delgado
 Isabella, Isabel, Benítez, González
 Diego, Miguel, Romero, Delgado
 David, Antonia, Benítez, Soto
 Lucas, Valentina, Delgado, Prieto
 Nicolás, Emma, Medina, Alonso
 Catalina, Elizabeth, Cortés, Gallego
 Tomás, Eduardo,﻿Apellidos, Torres
 Christian, Diego, León, Oliva
 Laura, Francisco, Marín, Romero
 Lucía, Laura, Cervantes, Ferrer
 Antonia, Antonia, Carmona, Varela
 Diego, Alejandro, Cordero, Medina
 Daniel, Samantha, Hidalgo, Herrero
 Andrea, Lucía, Pastor, Nieto
 Gabriel, Daniela, Herrero, Suárez
 Ana, Tomás, Soler, Santana
 Isabella, Lucas, Molina, Rubio
 Catalina, Valeria, Pascual, Rubio
 Alejandra, Luciana, Miranda, Carmona
 Juan José, Ángel, Carretero, Robles
 Emily, Francisco, Ortiz, Prieto
 Esteban, Simón, Ramos, Cabrera
 Juan, Andrea, Delgado, Herrero
 Benjamín, Andrés, Robles, Blanco
 Esteban, Jennifer, Ramírez, Herrera
 Benjamín, Lucas, Rubio, Pastor
 Alejandro, Paula, Vidal, Rodríguez
 Sofia, Christian, Martínez, Molina
 Antonia, Catalina, Herrera, Gutiérrez
 Cristóbal, Daniela, Fernández, Arias
 Catalina, Diego, Muñoz, Domínguez
 Nicolás, Fernanda, Torres, Cruz
 Antonia, Carlos, Miranda, Sánchez
 María José, Antonella, Arias, Vega
 Samantha, Martín, Reyes, Torres
 Isabella,﻿Nombre, Benítez, Cortés
 Manuel, Simón, Luque, González
 Juan, Samantha, Molina, Ramírez
 Carlos, Gabriel, Gómez, Luque
 Mauricio, Alexander, Navarro, Cabrera
 Juan David, Adriana, Guerrero, Gutiérrez
 Gabriela, Benjamín, Nieto, Arias
 Martín, Antonella, Pascual, Mesa
 Santiago, Mariana, Sánchez, Soler
 Javier, Juan José, Amaya, Rubio
 Santiago, Cristóbal, Herrero, Cortés
 Javier, Miguel, Cabrera, Ramos
 Esteban, Simón, Esteban, Guerra
 Javier, Luciana, Llorente, Ramírez
 Emily, Benjamín, Pérez, Molina
 Mauricio, Antonia, Amaya, Alonso
 Gabriela, Andrés, Rivas, Torres
 Elizabeth, Emily, Suárez, Torres
 Emily, Samantha, Peralta, Abad
 Ángel,﻿Nombre, Luque, Cabello
 Mateo, Antonella, Cabrera, Carretero
 Emily, María, Ferrer, Serrano
 Valentina, Isabella, Medina, Díaz
 Alejandra, Paula, Moreno, Torres
 Lucas, María, Carmona, Alonso
 Simón, Manuel, Fernández, Molina
 Sara, Mauricio, Prieto, Cabrera
 Sebastián, Manuel, Bravo, Herrera
 Valentina, Sofia, Aguilar, Ochoa
 Carolina, Andrea, Cabrera, Santana
 Juan José, David, Carmona, García
 Natalia, Lucía, Gutiérrez, Llorente
 Luciana, Daniel, Vázquez, Herrera
 Felipe, Andrea, Rodríguez, Muñoz
 Carlos, Felipe, León, Vega
 Valeria, Andrés, Molina, Moya
 Lucas, Gabriel, Ortiz, García
 Diego, Carolina, Cervantes, Hidalgo
 Sofia, Juan, Varela, Álvarez
 Andrés, Natalia, Navarro, Pastor
 Gabriela, David, Gil, Marín
 Luciana, Sebastián, Abad, Muñoz
 Felipe, Andrés, Suárez, Linares
 Catalina, Natalia, Cordero, Aguilar
 Valentina, Isabel, Romero, Santana
 Juan, Lucía, Gómez, Cortés
 Elizabeth, Valeria, Prieto, Peralta
 María, Andrés, Romero, Suárez
 Emilio, Tomás, Robles, Ramírez
 Isabella, Javier, Martínez, Cabrera
 Valentina, Samantha, Cabrera, Ramos
 Alejandro, Diego, Ramírez, Vidal
 Gabriela, Pablo, Delgado, Rodríguez
 Ricardo, Gabriela, Rivas, Peralta
 Daniel, Adriana, Reyes, Robles
 Carlos, Daniela, Delgado, Pérez
 Gabriela, Juan Pablo, Díaz, Santana
 Daniel, Alexander, Abad, Iglesias
 Mateo, Paula, Amaya, Molina
 Simón, Gabriela, Garrido, Ortiz
 Juan, Elena, Gil, Rodríguez
 Alexander, Jimena, Aguilar, Vázquez
 Mateo, Juan David,﻿Apellidos, Vargas
 Daniela, Elizabeth, Castro, Marín
 Jennifer, Lucas, Oliva, Pérez
 Alejandra, José, Ruiz, González
 Fernanda, Andrés, Gil, Ramírez
 Mariana, Laura, Llorente, Medina
 Sebastián, Antonia, Calvo, Pascual
 Andrea, Paula, Santana, Cabello
 Mateo, Daniel, Garrido, Esteban
 Valentina, Juan David, Casado, Torres
 Valeria, Samuel, Cordero, Medina
 Francisco, Manuel, Peralta, Soler
 Valeria, Sofia, Aguilar, Rivas
 Benjamín, Ricardo,﻿Apellidos, Suárez
 Paula, Emilio, Arias, Moya
 Isabella, Sebastián, Suárez, Cabrera
 Samantha, Esteban,﻿Apellidos, Oliva
 Carlos, Simón, Romero, Robles
 Elena, Mauricio, García, Gallego
 Javier, Camila, Gil, Guerra
 Fernanda, Lucas, Ramos, Sánchez
 Manuel, Valeria, Calvo, Gil
 Martín, Esteban, Calvo, Pascual
 Mariana, Manuel, Ríos, Rubio
 Luciana, Samuel, Ramos, Suárez
 Andrea, Santiago, Ferrer, Morales
 Daniela, Sofía, Pastor, Ortega
 Esteban, Fernanda, Gutiérrez, Abad
 Paula, Benjamín, Martínez, Medina
 Emma, Lucas, Benítez, Ortega
 Fernanda, Daniela, Reyes, Navarro
 Leonardo, Paula, León, Serrano
 Tomás, Victoria, Ortega, Guerrero
 Emma, Mariana, Llorente, León
 Antonia, Cristóbal, Arias, Ortega
 Natalia, Carlos, Guerra, Álvarez
 Mateo, Lucas, Suárez, Nieto
 Tomás, Nicolás, Álvarez, Suárez
 Valeria, Ricardo, Amaya, Herrera
﻿Nombre, Matías, Soler, Cabello
 Lucas, Gabriela, Vega, Robles
 Valentina, Andrés, Morales, Vidal
 Valeria, Emily, Navarro, Molina
 Andrés, Alejandra, Torres, Casado
 Emilio, Emma, Rivas, Torres
 Valeria, Cristóbal, Cervantes, Carmona
 Tomás, Juan David, Mesa, Hidalgo
 Emilio, Isabel, Pascual, Luque
 Victoria, Sara, Correa, Romero
 Christian, Marcela, Cabrera, Serrano
 Fernanda, Daniela, Gil, Ruiz
 Catalina, Christian, Prieto, López
 Mariana, Elena, León, Herrera
 Javier, Alexander, Cervantes, Molina
 Pablo, Agustín, Marín, Iglesias
 Catalina, Adriana, León, Morales
 Natalia, Pablo, Correa, Miranda
 Emma, Gabriela, Muñoz, Luque
 Santiago, Mauricio, Pascual, Álvarez
 Samantha, Leonardo, Amaya, Cabrera
 Carolina, Gabriela, Cervantes, Medina
 Simón, Isabel, Alonso, Navarro
 Manuel, Nicolás, Molina, Luque
 Catalina, Benjamín, Casado, Oliva
﻿Nombre, Andrea, Soler, Benítez
 Leonardo,﻿Nombre, Cordero, Cruz
 Valentina, Daniela, Cruz, González
 Ana, Valentina, Varela, Cabrera
 Juan Pablo, Catalina, Ochoa, Pascual
 Valeria, Benjamín, Medina, Blanco
 Antonia, Ana, Carmona, Santana
 Lucas, Tomás, Cordero, Santana
 Benjamín, Alexander, Ruiz, Vázquez
 Lucas, Alexander, Hidalgo, Oliva
 Mariana, Antonia, López, Ortiz
 Matías, Carolina, Rubio, Luque
 Juliana, Simón, Marín, Amaya
 Martín, Luciana, Cervantes, Rivas
 Isabella, Andrea, Romero, Cordero
 Felipe, Andrea, Varela, Rubio
 Gabriela, Alexander, Medina, Ortega
 Paula, Martín,﻿Apellidos, Aguilar
 Leonardo, Benjamín, Robles, Ruiz
 Juan Pablo, Gabriel, Miranda, Amaya
 Martín, Juan David, Prieto, Pérez
 Adriana, Gabriel, Gil, Peralta
 Jimena, Gabriel, Amaya, Serrano
 Tomás, Juan José, Molina, Ortega
 Juan, Gabriela, Fernández, Cabrera
 Andrés, Daniela, Moreno, Gómez
 Adriana, Andrés, Amaya, Pascual
 José, Eduardo, Gil, Ochoa
 Manuel, Andrés, Medina, Gallego
 Luciana, Leonardo, Morales, Soto
 Sara, Sofia, Linares, Guerra
 Gabriela, José, Mesa, Sánchez
﻿Nombre, Emily, Gómez, Pastor
 Andrea, Alejandra, Vega, Cordero
 Valentina, Juan, Domínguez, Herrera
 Fernanda, Tomás, Sánchez, Calvo
 Leonardo, Valentina, Medina, Soler
 Marcela, Daniela, Martínez, Guerrero
 Paula, Juliana, Prieto, López
 Jimena, Juan, Lucas, Cabello
 Daniela, Benjamín, Moreno, Ochoa
 Laura, Daniela, Suárez, Ferrer
﻿Nombre, Carolina, Mesa, Vargas
 Mariana, Alejandro, Aguilar, Soler
 Isabel, Luciana, González, Mesa
 Samuel, Tomás, Guerra, Ortega
 Daniela, Paula, Alonso, Cordero
 Antonella, Tomás, Domínguez, Linares
 Mauricio, Camila, Ruiz, Gutiérrez
 Natalia, Mauricio, Pascual, Carretero
 María José, Camila, Mesa, Álvarez
 Laura, Esteban, Castro, Ríos
 Antonia, Simón, Romero, Vicente
 Nicolás, Daniel, Calvo, González
 Valentina, Adriana, Martínez, Castro
 Victoria, Clara, Carmona, Cruz
 María José, Gabriela, Mesa, Torres
 Antonia, Laura, Garrido, Abad
 María, Valeria, Nieto, Domínguez
 Felipe, Matías, Bravo, Sánchez
﻿Nombre, Benjamín, Pascual, León
 Andrés, Valentina, González, Gil
 Valentina, Cristóbal, Morales, Gómez
 Pablo, Sofia, Cruz, Delgado
 Catalina, Camila, Garrido, Calvo
 Daniela, Ricardo, Oliva, Serrano
